number,locked,comments_url,user_login,review_comment_url,milestone_id,patch_url,created_at,milestone_htmlURL,html_url,statuses_url,commits_url,merge_commit_sha,merged_at,title,closed_at,review_comments_url,state,diff_url,issue_url,url,user_htmlURL,
775,False,https://api.github.com/repos/GSA/data.gov/issues/775/comments,John123Yu,https://api.github.com/repos/GSA/data.gov/pulls/comments{/number},None,https://github.com/GSA/data.gov/pull/775.patch,2017-04-18T12:38:18Z,None,https://github.com/GSA/data.gov/pull/775,https://api.github.com/repos/GSA/data.gov/statuses/1fe61e8ec0d41f53817aa058dca8150ca50f676e,https://api.github.com/repos/GSA/data.gov/pulls/775/commits,b34f313144f7f16bf3fd6a1b833447e390069b3c,2017-04-18T15:37:55Z,Issue 703,2017-04-18T15:37:55Z,https://api.github.com/repos/GSA/data.gov/pulls/775/comments,closed,https://github.com/GSA/data.gov/pull/775.diff,https://api.github.com/repos/GSA/data.gov/issues/775,https://api.github.com/repos/GSA/data.gov/pulls/775,https://github.com/John123Yu,
761,False,https://api.github.com/repos/GSA/data.gov/issues/761/comments,philipashlock,https://api.github.com/repos/GSA/data.gov/pulls/comments{/number},None,https://github.com/GSA/data.gov/pull/761.patch,2017-02-17T23:56:22Z,None,https://github.com/GSA/data.gov/pull/761,https://api.github.com/repos/GSA/data.gov/statuses/b3b49ac813f09f34db0766c8b360b7f0bf69ecb3,https://api.github.com/repos/GSA/data.gov/pulls/761/commits,297cbd28ea117e8a439d7c393cdeeed4972964e7,2017-03-06T21:45:53Z,Hide twitter feed heading,2017-03-06T21:45:53Z,https://api.github.com/repos/GSA/data.gov/pulls/761/comments,closed,https://github.com/GSA/data.gov/pull/761.diff,https://api.github.com/repos/GSA/data.gov/issues/761,https://api.github.com/repos/GSA/data.gov/pulls/761,https://github.com/philipashlock,
754,False,https://api.github.com/repos/GSA/data.gov/issues/754/comments,monroeclinton,https://api.github.com/repos/GSA/data.gov/pulls/comments{/number},None,https://github.com/GSA/data.gov/pull/754.patch,2016-12-04T03:53:42Z,None,https://github.com/GSA/data.gov/pull/754,https://api.github.com/repos/GSA/data.gov/statuses/483a13082110c80148b0b637a8fefc170eeb50a5,https://api.github.com/repos/GSA/data.gov/pulls/754/commits,7730fd20cbe7dfa8cd99032d3c80a5b6ba13b123,None,Sanitizing REQUEST_URI,2017-01-13T20:58:30Z,https://api.github.com/repos/GSA/data.gov/pulls/754/comments,closed,https://github.com/GSA/data.gov/pull/754.diff,https://api.github.com/repos/GSA/data.gov/issues/754,https://api.github.com/repos/GSA/data.gov/pulls/754,https://github.com/monroeclinton,
732,False,https://api.github.com/repos/GSA/data.gov/issues/732/comments,IDisposable,https://api.github.com/repos/GSA/data.gov/pulls/comments{/number},None,https://github.com/GSA/data.gov/pull/732.patch,2016-04-27T15:26:20Z,None,https://github.com/GSA/data.gov/pull/732,https://api.github.com/repos/GSA/data.gov/statuses/f0e905b04accd12c7ea8dd40af0a3c69383a6b9a,https://api.github.com/repos/GSA/data.gov/pulls/732/commits,f0e905b04accd12c7ea8dd40af0a3c69383a6b9a,2016-04-27T15:43:39Z,Fix link to inventory.data.gov,2016-04-27T15:43:39Z,https://api.github.com/repos/GSA/data.gov/pulls/732/comments,closed,https://github.com/GSA/data.gov/pull/732.diff,https://api.github.com/repos/GSA/data.gov/issues/732,https://api.github.com/repos/GSA/data.gov/pulls/732,https://github.com/IDisposable,
716,False,https://api.github.com/repos/GSA/data.gov/issues/716/comments,alexqfredrickson,https://api.github.com/repos/GSA/data.gov/pulls/comments{/number},None,https://github.com/GSA/data.gov/pull/716.patch,2016-01-27T16:17:42Z,None,https://github.com/GSA/data.gov/pull/716,https://api.github.com/repos/GSA/data.gov/statuses/760a90707ae87f9c81b31970f994a171d949d1dc,https://api.github.com/repos/GSA/data.gov/pulls/716/commits,4497402d3f5de6bca47c20300a5b844bce9d2d05,None,Cleaned up CSS,2016-07-02T17:53:13Z,https://api.github.com/repos/GSA/data.gov/pulls/716/comments,closed,https://github.com/GSA/data.gov/pull/716.diff,https://api.github.com/repos/GSA/data.gov/issues/716,https://api.github.com/repos/GSA/data.gov/pulls/716,https://github.com/alexqfredrickson,
710,False,https://api.github.com/repos/GSA/data.gov/issues/710/comments,waffle-iron,https://api.github.com/repos/GSA/data.gov/pulls/comments{/number},None,https://github.com/GSA/data.gov/pull/710.patch,2015-12-15T00:16:15Z,None,https://github.com/GSA/data.gov/pull/710,https://api.github.com/repos/GSA/data.gov/statuses/ace80f90fbe78517ba70227f82510c9263ba39fe,https://api.github.com/repos/GSA/data.gov/pulls/710/commits,568ead2fe19bbabfdc1e1a98d93a5c0cb0be93f2,2017-01-27T17:31:34Z,waffle.io Badge,2017-01-27T17:31:34Z,https://api.github.com/repos/GSA/data.gov/pulls/710/comments,closed,https://github.com/GSA/data.gov/pull/710.diff,https://api.github.com/repos/GSA/data.gov/issues/710,https://api.github.com/repos/GSA/data.gov/pulls/710,https://github.com/waffle-iron,
665,False,https://api.github.com/repos/GSA/data.gov/issues/665/comments,philipashlock,https://api.github.com/repos/GSA/data.gov/pulls/comments{/number},None,https://github.com/GSA/data.gov/pull/665.patch,2015-07-28T19:06:07Z,None,https://github.com/GSA/data.gov/pull/665,https://api.github.com/repos/GSA/data.gov/statuses/d2b4be57c55c3895cfe1f96a0885c2915dbfb654,https://api.github.com/repos/GSA/data.gov/pulls/665/commits,c563035fdef5ff8279ce1093895ad766950d2d59,2015-07-28T19:09:02Z,Adding themes repo to readme,2015-07-28T19:09:02Z,https://api.github.com/repos/GSA/data.gov/pulls/665/comments,closed,https://github.com/GSA/data.gov/pull/665.diff,https://api.github.com/repos/GSA/data.gov/issues/665,https://api.github.com/repos/GSA/data.gov/pulls/665,https://github.com/philipashlock,
628,False,https://api.github.com/repos/GSA/data.gov/issues/628/comments,mattfaluotico,https://api.github.com/repos/GSA/data.gov/pulls/comments{/number},None,https://github.com/GSA/data.gov/pull/628.patch,2015-04-30T03:24:30Z,None,https://github.com/GSA/data.gov/pull/628,https://api.github.com/repos/GSA/data.gov/statuses/5c484828bdb22b0a399054eb029198608ccaf5ab,https://api.github.com/repos/GSA/data.gov/pulls/628/commits,5c484828bdb22b0a399054eb029198608ccaf5ab,2016-04-27T16:12:46Z,Fixed headings on mobile,2016-04-27T16:12:46Z,https://api.github.com/repos/GSA/data.gov/pulls/628/comments,closed,https://github.com/GSA/data.gov/pull/628.diff,https://api.github.com/repos/GSA/data.gov/issues/628,https://api.github.com/repos/GSA/data.gov/pulls/628,https://github.com/mattfaluotico,
609,False,https://api.github.com/repos/GSA/data.gov/issues/609/comments,anjana-ackroyd,https://api.github.com/repos/GSA/data.gov/pulls/comments{/number},None,https://github.com/GSA/data.gov/pull/609.patch,2015-03-20T22:08:25Z,None,https://github.com/GSA/data.gov/pull/609,https://api.github.com/repos/GSA/data.gov/statuses/ea4dd95c13d4114d8dc61c57792b89c13effeef9,https://api.github.com/repos/GSA/data.gov/pulls/609/commits,None,None,Master,2015-03-20T22:32:26Z,https://api.github.com/repos/GSA/data.gov/pulls/609/comments,closed,https://github.com/GSA/data.gov/pull/609.diff,https://api.github.com/repos/GSA/data.gov/issues/609,https://api.github.com/repos/GSA/data.gov/pulls/609,https://github.com/anjana-ackroyd,
596,False,https://api.github.com/repos/GSA/data.gov/issues/596/comments,philipashlock,https://api.github.com/repos/GSA/data.gov/pulls/comments{/number},None,https://github.com/GSA/data.gov/pull/596.patch,2015-02-26T20:23:33Z,None,https://github.com/GSA/data.gov/pull/596,https://api.github.com/repos/GSA/data.gov/statuses/df3b9a268a6ef3d53860dd35531ad6563c635063,https://api.github.com/repos/GSA/data.gov/pulls/596/commits,1f116eafc1f91a8502113ddf32b6b1891c95d4cb,2015-02-27T00:38:10Z, Update Federated Analytics DAP,2015-02-27T00:38:10Z,https://api.github.com/repos/GSA/data.gov/pulls/596/comments,closed,https://github.com/GSA/data.gov/pull/596.diff,https://api.github.com/repos/GSA/data.gov/issues/596,https://api.github.com/repos/GSA/data.gov/pulls/596,https://github.com/philipashlock,
590,False,https://api.github.com/repos/GSA/data.gov/issues/590/comments,mchelen,https://api.github.com/repos/GSA/data.gov/pulls/comments{/number},None,https://github.com/GSA/data.gov/pull/590.patch,2015-02-21T15:14:38Z,None,https://github.com/GSA/data.gov/pull/590,https://api.github.com/repos/GSA/data.gov/statuses/7401a1bfa71e6c7ae5ce0f4ebd42cf4e14452b29,https://api.github.com/repos/GSA/data.gov/pulls/590/commits,7f853b7865946576e48dfc47f4b6241dac9ebed7,2015-02-26T20:25:11Z,fix broken links,2015-02-26T20:25:11Z,https://api.github.com/repos/GSA/data.gov/pulls/590/comments,closed,https://github.com/GSA/data.gov/pull/590.diff,https://api.github.com/repos/GSA/data.gov/issues/590,https://api.github.com/repos/GSA/data.gov/pulls/590,https://github.com/mchelen,
553,False,https://api.github.com/repos/GSA/data.gov/issues/553/comments,drivanovich,https://api.github.com/repos/GSA/data.gov/pulls/comments{/number},None,https://github.com/GSA/data.gov/pull/553.patch,2015-01-13T05:25:41Z,None,https://github.com/GSA/data.gov/pull/553,https://api.github.com/repos/GSA/data.gov/statuses/72529590afa22a40482445dd2a298202b9cf3420,https://api.github.com/repos/GSA/data.gov/pulls/553/commits,193dcaf5d9e3570b03de6897c3218fd639d99acf,None,Create 114th Congressional District,2015-02-16T02:44:15Z,https://api.github.com/repos/GSA/data.gov/pulls/553/comments,closed,https://github.com/GSA/data.gov/pull/553.diff,https://api.github.com/repos/GSA/data.gov/issues/553,https://api.github.com/repos/GSA/data.gov/pulls/553,https://github.com/drivanovich,
510,False,https://api.github.com/repos/GSA/data.gov/issues/510/comments,ghost,https://api.github.com/repos/GSA/data.gov/pulls/comments{/number},None,https://github.com/GSA/data.gov/pull/510.patch,2014-11-11T15:11:17Z,None,https://github.com/GSA/data.gov/pull/510,https://api.github.com/repos/GSA/data.gov/statuses/f7fb706fdf7b8036709a06a18cbabf518d4d0f96,https://api.github.com/repos/GSA/data.gov/pulls/510/commits,None,None,Develop,2015-03-13T15:40:14Z,https://api.github.com/repos/GSA/data.gov/pulls/510/comments,closed,https://github.com/GSA/data.gov/pull/510.diff,https://api.github.com/repos/GSA/data.gov/issues/510,https://api.github.com/repos/GSA/data.gov/pulls/510,https://github.com/ghost,
509,False,https://api.github.com/repos/GSA/data.gov/issues/509/comments,waffle-iron,https://api.github.com/repos/GSA/data.gov/pulls/comments{/number},None,https://github.com/GSA/data.gov/pull/509.patch,2014-11-07T21:56:22Z,None,https://github.com/GSA/data.gov/pull/509,https://api.github.com/repos/GSA/data.gov/statuses/a43e7bce48b595d958856807310702a0372ac340,https://api.github.com/repos/GSA/data.gov/pulls/509/commits,e9186a8c6768f5b5f596d44edbe45a7dbd97355e,None,waffle.io Badge,2014-11-07T21:58:20Z,https://api.github.com/repos/GSA/data.gov/pulls/509/comments,closed,https://github.com/GSA/data.gov/pull/509.diff,https://api.github.com/repos/GSA/data.gov/issues/509,https://api.github.com/repos/GSA/data.gov/pulls/509,https://github.com/waffle-iron,
434,False,https://api.github.com/repos/GSA/data.gov/issues/434/comments,kirankoduru,https://api.github.com/repos/GSA/data.gov/pulls/comments{/number},None,https://github.com/GSA/data.gov/pull/434.patch,2014-07-23T23:08:16Z,None,https://github.com/GSA/data.gov/pull/434,https://api.github.com/repos/GSA/data.gov/statuses/51e0e205f3c2e2d065fc323fb31eb757ad4e686e,https://api.github.com/repos/GSA/data.gov/pulls/434/commits,a60b5e33cca19d3001f43353ed6d29a7e1648a1e,None,added border and padding for comments. fix #296,2015-07-30T13:41:32Z,https://api.github.com/repos/GSA/data.gov/pulls/434/comments,closed,https://github.com/GSA/data.gov/pull/434.diff,https://api.github.com/repos/GSA/data.gov/issues/434,https://api.github.com/repos/GSA/data.gov/pulls/434,https://github.com/kirankoduru,
340,False,https://api.github.com/repos/GSA/data.gov/issues/340/comments,syndicatedmaps,https://api.github.com/repos/GSA/data.gov/pulls/comments{/number},548420,https://github.com/GSA/data.gov/pull/340.patch,2014-03-19T17:04:03Z,https://github.com/GSA/data.gov/milestone/12,https://github.com/GSA/data.gov/pull/340,https://api.github.com/repos/GSA/data.gov/statuses/675adbb11d6d6ff9c0628e2779cb2f9bba576316,https://api.github.com/repos/GSA/data.gov/pulls/340/commits,0541690e54261a368da015bdfdcb01a80c82149f,None,Datagov staging,2014-04-02T19:15:40Z,https://api.github.com/repos/GSA/data.gov/pulls/340/comments,closed,https://github.com/GSA/data.gov/pull/340.diff,https://api.github.com/repos/GSA/data.gov/issues/340,https://api.github.com/repos/GSA/data.gov/pulls/340,https://github.com/syndicatedmaps,
293,False,https://api.github.com/repos/GSA/data.gov/issues/293/comments,chriscct7,https://api.github.com/repos/GSA/data.gov/pulls/comments{/number},415618,https://github.com/GSA/data.gov/pull/293.patch,2014-01-14T03:19:25Z,https://github.com/GSA/data.gov/milestone/6,https://github.com/GSA/data.gov/pull/293,https://api.github.com/repos/GSA/data.gov/statuses/f8eef4b06b40b4bb2200edacc5c9f7607a215009,https://api.github.com/repos/GSA/data.gov/pulls/293/commits,48f241259825478a412ffe42c6aa8bc901e5bf11,2014-01-27T16:52:24Z,Correct WordPress SEO Plugin URL,2014-01-27T16:52:24Z,https://api.github.com/repos/GSA/data.gov/pulls/293/comments,closed,https://github.com/GSA/data.gov/pull/293.diff,https://api.github.com/repos/GSA/data.gov/issues/293,https://api.github.com/repos/GSA/data.gov/pulls/293,https://github.com/chriscct7,
292,False,https://api.github.com/repos/GSA/data.gov/issues/292/comments,aaronraimist,https://api.github.com/repos/GSA/data.gov/pulls/comments{/number},415618,https://github.com/GSA/data.gov/pull/292.patch,2014-01-13T22:25:58Z,https://github.com/GSA/data.gov/milestone/6,https://github.com/GSA/data.gov/pull/292,https://api.github.com/repos/GSA/data.gov/statuses/6c40155502ab0007e9360a85b11a825b3fa98443,https://api.github.com/repos/GSA/data.gov/pulls/292/commits,1ebcaad6f13c790affcf3965bcb901a6b080a4de,2014-01-27T16:58:29Z,Added humans.txt and removed voting,2014-01-27T16:58:29Z,https://api.github.com/repos/GSA/data.gov/pulls/292/comments,closed,https://github.com/GSA/data.gov/pull/292.diff,https://api.github.com/repos/GSA/data.gov/issues/292,https://api.github.com/repos/GSA/data.gov/pulls/292,https://github.com/aaronraimist,
291,False,https://api.github.com/repos/GSA/data.gov/issues/291/comments,nsinai,https://api.github.com/repos/GSA/data.gov/pulls/comments{/number},415618,https://github.com/GSA/data.gov/pull/291.patch,2014-01-13T21:46:48Z,https://github.com/GSA/data.gov/milestone/6,https://github.com/GSA/data.gov/pull/291,https://api.github.com/repos/GSA/data.gov/statuses/baf853f813528c990490f8864486ad565b2551c9,https://api.github.com/repos/GSA/data.gov/pulls/291/commits,90df3399d266a38ec867b8c228d3f7d907445eb0,None,Update README.md,2014-01-13T21:49:50Z,https://api.github.com/repos/GSA/data.gov/pulls/291/comments,closed,https://github.com/GSA/data.gov/pull/291.diff,https://api.github.com/repos/GSA/data.gov/issues/291,https://api.github.com/repos/GSA/data.gov/pulls/291,https://github.com/nsinai,
289,False,https://api.github.com/repos/GSA/data.gov/issues/289/comments,JustinSainton,https://api.github.com/repos/GSA/data.gov/pulls/comments{/number},415618,https://github.com/GSA/data.gov/pull/289.patch,2014-01-13T16:36:30Z,https://github.com/GSA/data.gov/milestone/6,https://github.com/GSA/data.gov/pull/289,https://api.github.com/repos/GSA/data.gov/statuses/1865de6a18009df7ae203c167700207c1f2d1714,https://api.github.com/repos/GSA/data.gov/pulls/289/commits,6c3b0df9e6938627405b1cdfddbb1967204464ae,None,Update WordPress Importer name,2014-01-13T22:16:19Z,https://api.github.com/repos/GSA/data.gov/pulls/289/comments,closed,https://github.com/GSA/data.gov/pull/289.diff,https://api.github.com/repos/GSA/data.gov/issues/289,https://api.github.com/repos/GSA/data.gov/pulls/289,https://github.com/JustinSainton,
33,False,https://api.github.com/repos/GSA/data.gov/issues/33/comments,pborreli,https://api.github.com/repos/GSA/data.gov/pulls/comments{/number},415618,https://github.com/GSA/data.gov/pull/33.patch,2013-07-23T16:37:34Z,https://github.com/GSA/data.gov/milestone/6,https://github.com/GSA/data.gov/pull/33,https://api.github.com/repos/GSA/data.gov/statuses/8368e9b9d02ca92fc9e72994ce11b0a1ff804775,https://api.github.com/repos/GSA/data.gov/pulls/33/commits,8a01bafa474f87544f1981dac564bbd697b49afd,2013-07-25T08:01:31Z,Fixed typos in CSS,2013-07-25T08:01:31Z,https://api.github.com/repos/GSA/data.gov/pulls/33/comments,closed,https://github.com/GSA/data.gov/pull/33.diff,https://api.github.com/repos/GSA/data.gov/issues/33,https://api.github.com/repos/GSA/data.gov/pulls/33,https://github.com/pborreli,
30,False,https://api.github.com/repos/GSA/data.gov/issues/30/comments,georgestephanis,https://api.github.com/repos/GSA/data.gov/pulls/comments{/number},381436,https://github.com/GSA/data.gov/pull/30.patch,2013-07-20T04:02:03Z,https://github.com/GSA/data.gov/milestone/2,https://github.com/GSA/data.gov/pull/30,https://api.github.com/repos/GSA/data.gov/statuses/61980c858279135f054e109912e879c76b3bcd32,https://api.github.com/repos/GSA/data.gov/pulls/30/commits,38a1eb2c795e385947fc344e264bb76ab242ff63,2013-07-25T07:59:30Z,Big theme tidy.,2013-07-25T07:59:30Z,https://api.github.com/repos/GSA/data.gov/pulls/30/comments,closed,https://github.com/GSA/data.gov/pull/30.diff,https://api.github.com/repos/GSA/data.gov/issues/30,https://api.github.com/repos/GSA/data.gov/pulls/30,https://github.com/georgestephanis,
25,False,https://api.github.com/repos/GSA/data.gov/issues/25/comments,imjared,https://api.github.com/repos/GSA/data.gov/pulls/comments{/number},415618,https://github.com/GSA/data.gov/pull/25.patch,2013-07-16T19:39:13Z,https://github.com/GSA/data.gov/milestone/6,https://github.com/GSA/data.gov/pull/25,https://api.github.com/repos/GSA/data.gov/statuses/a0cbf933540ec861dba35494a651cbf6861d6ef7,https://api.github.com/repos/GSA/data.gov/pulls/25/commits,fec818c1b3310f1a04daa7389faf9e04e0c4ccab,2013-07-18T14:13:56Z,Use the minified version of jQuery ui,2013-07-18T14:13:56Z,https://api.github.com/repos/GSA/data.gov/pulls/25/comments,closed,https://github.com/GSA/data.gov/pull/25.diff,https://api.github.com/repos/GSA/data.gov/issues/25,https://api.github.com/repos/GSA/data.gov/pulls/25,https://github.com/imjared,
