number,user_htmlURL,repository_url,user_login,labels_url,title,milestone_id,updated_at,events_url,created_at,html_url,locked,comments_url,closed_at,url,id,milestone_htmlURL,labels,state,
562,https://github.com/kevinsawicki,https://api.github.com/repos/atom/atom,kevinsawicki,https://api.github.com/repos/atom/atom/issues/562/labels{/name},Error on goto line,337546,2013-05-22T22:28:32Z,https://api.github.com/repos/atom/atom/issues/562/events,2013-05-22T18:57:54Z,https://github.com/atom/atom/issues/562,False,https://api.github.com/repos/atom/atom/issues/562/comments,2013-05-22T22:26:01Z,https://api.github.com/repos/atom/atom/issues/562,14639334,https://github.com/atom/atom/milestone/7,bug ,closed,
561,https://github.com/gjtorikian,https://api.github.com/repos/atom/atom,gjtorikian,https://api.github.com/repos/atom/atom/issues/561/labels{/name},Bump nak for better gitignoring,337546,2013-05-22T22:28:41Z,https://api.github.com/repos/atom/atom/issues/561/events,2013-05-22T05:41:44Z,https://github.com/atom/atom/pull/561,False,https://api.github.com/repos/atom/atom/issues/561/comments,2013-05-22T17:11:22Z,https://api.github.com/repos/atom/atom/issues/561,14604965,https://github.com/atom/atom/milestone/7,,closed,
560,https://github.com/kevinsawicki,https://api.github.com/repos/atom/atom,kevinsawicki,https://api.github.com/repos/atom/atom/issues/560/labels{/name},Error on newline,337546,2013-05-22T22:28:52Z,https://api.github.com/repos/atom/atom/issues/560/events,2013-05-21T22:05:08Z,https://github.com/atom/atom/issues/560,False,https://api.github.com/repos/atom/atom/issues/560/comments,2013-05-22T22:26:47Z,https://api.github.com/repos/atom/atom/issues/560,14593977,https://github.com/atom/atom/milestone/7,bug ,closed,
559,https://github.com/gjtorikian,https://api.github.com/repos/atom/atom,gjtorikian,https://api.github.com/repos/atom/atom/issues/559/labels{/name},Remove blank options in renderMarkdown,337546,2013-05-22T22:28:58Z,https://api.github.com/repos/atom/atom/issues/559/events,2013-05-21T17:53:38Z,https://github.com/atom/atom/pull/559,False,https://api.github.com/repos/atom/atom/issues/559/comments,2013-05-21T18:36:20Z,https://api.github.com/repos/atom/atom/issues/559,14581300,https://github.com/atom/atom/milestone/7,,closed,
558,https://github.com/kevinsawicki,https://api.github.com/repos/atom/atom,kevinsawicki,https://api.github.com/repos/atom/atom/issues/558/labels{/name},Install packages,337546,2013-05-22T22:57:55Z,https://api.github.com/repos/atom/atom/issues/558/events,2013-05-21T17:47:40Z,https://github.com/atom/atom/pull/558,False,https://api.github.com/repos/atom/atom/issues/558/comments,2013-05-22T22:57:37Z,https://api.github.com/repos/atom/atom/issues/558,14581034,https://github.com/atom/atom/milestone/7,,closed,
556,https://github.com/kevinsawicki,https://api.github.com/repos/atom/atom,kevinsawicki,https://api.github.com/repos/atom/atom/issues/556/labels{/name},Crash on callback,337546,2013-05-22T22:29:04Z,https://api.github.com/repos/atom/atom/issues/556/events,2013-05-20T15:50:38Z,https://github.com/atom/atom/issues/556,False,https://api.github.com/repos/atom/atom/issues/556/comments,2013-05-22T08:43:12Z,https://api.github.com/repos/atom/atom/issues/556,14525736,https://github.com/atom/atom/milestone/7,bug ,closed,
553,https://github.com/jnewland,https://api.github.com/repos/atom/atom,jnewland,https://api.github.com/repos/atom/atom/issues/553/labels{/name},Fuzzy finder regression,332810,2013-12-02T20:47:55Z,https://api.github.com/repos/atom/atom/issues/553/events,2013-05-16T13:20:48Z,https://github.com/atom/atom/issues/553,False,https://api.github.com/repos/atom/atom/issues/553/comments,2013-05-16T15:50:08Z,https://api.github.com/repos/atom/atom/issues/553,14405266,https://github.com/atom/atom/milestone/6,bug ,closed,
550,https://github.com/probablycorey,https://api.github.com/repos/atom/atom,probablycorey,https://api.github.com/repos/atom/atom/issues/550/labels{/name},Editor doesn't scroll horizontally anymore,332810,2013-05-14T16:11:42Z,https://api.github.com/repos/atom/atom/issues/550/events,2013-05-13T23:45:47Z,https://github.com/atom/atom/issues/550,False,https://api.github.com/repos/atom/atom/issues/550/comments,2013-05-14T16:11:42Z,https://api.github.com/repos/atom/atom/issues/550,14287552,https://github.com/atom/atom/milestone/6,bug ,closed,
549,https://github.com/wfarr,https://api.github.com/repos/atom/atom,wfarr,https://api.github.com/repos/atom/atom/issues/549/labels{/name},fuzzy file finder doesn't respect ignore gitignored files anymore,332810,2013-05-14T17:09:43Z,https://api.github.com/repos/atom/atom/issues/549/events,2013-05-13T22:32:24Z,https://github.com/atom/atom/issues/549,False,https://api.github.com/repos/atom/atom/issues/549/comments,2013-05-14T00:36:04Z,https://api.github.com/repos/atom/atom/issues/549,14285375,https://github.com/atom/atom/milestone/6,bug ,closed,
545,https://github.com/kevinsawicki,https://api.github.com/repos/atom/atom,kevinsawicki,https://api.github.com/repos/atom/atom/issues/545/labels{/name},Config ui is always in dev mode,332810,2013-05-14T17:13:47Z,https://api.github.com/repos/atom/atom/issues/545/events,2013-05-10T17:58:23Z,https://github.com/atom/atom/issues/545,False,https://api.github.com/repos/atom/atom/issues/545/comments,2013-05-14T17:13:47Z,https://api.github.com/repos/atom/atom/issues/545,14202079,https://github.com/atom/atom/milestone/6,bug ,closed,
543,https://github.com/kevinsawicki,https://api.github.com/repos/atom/atom,kevinsawicki,https://api.github.com/repos/atom/atom/issues/543/labels{/name},Atom Package Manager,332810,2013-05-22T22:59:50Z,https://api.github.com/repos/atom/atom/issues/543/events,2013-05-08T18:31:50Z,https://github.com/atom/atom/pull/543,False,https://api.github.com/repos/atom/atom/issues/543/comments,2013-05-14T19:50:08Z,https://api.github.com/repos/atom/atom/issues/543,14115327,https://github.com/atom/atom/milestone/6,,closed,
542,https://github.com/probablycorey,https://api.github.com/repos/atom/atom,probablycorey,https://api.github.com/repos/atom/atom/issues/542/labels{/name},Auto indent cleanup,332810,2014-07-02T06:49:13Z,https://api.github.com/repos/atom/atom/issues/542/events,2013-05-07T23:40:50Z,https://github.com/atom/atom/pull/542,False,https://api.github.com/repos/atom/atom/issues/542/comments,2013-05-13T21:31:57Z,https://api.github.com/repos/atom/atom/issues/542,14077046,https://github.com/atom/atom/milestone/6,,closed,
541,https://github.com/dgraham,https://api.github.com/repos/atom/atom,dgraham,https://api.github.com/repos/atom/atom/issues/541/labels{/name},Highlight config.ru as a Ruby file,332810,2013-05-13T23:51:40Z,https://api.github.com/repos/atom/atom/issues/541/events,2013-05-07T15:09:51Z,https://github.com/atom/atom/issues/541,False,https://api.github.com/repos/atom/atom/issues/541/comments,2013-05-13T23:51:40Z,https://api.github.com/repos/atom/atom/issues/541,14053753,https://github.com/atom/atom/milestone/6,bug ,closed,
540,https://github.com/nathansobo,https://api.github.com/repos/atom/atom,nathansobo,https://api.github.com/repos/atom/atom/issues/540/labels{/name},Replace the LineMap with RowMap,327939,2013-05-14T19:50:59Z,https://api.github.com/repos/atom/atom/issues/540/events,2013-05-07T02:33:51Z,https://github.com/atom/atom/pull/540,False,https://api.github.com/repos/atom/atom/issues/540/comments,2013-05-10T19:25:36Z,https://api.github.com/repos/atom/atom/issues/540,14030815,https://github.com/atom/atom/milestone/5,,closed,
538,https://github.com/probablycorey,https://api.github.com/repos/atom/atom,probablycorey,https://api.github.com/repos/atom/atom/issues/538/labels{/name},Create Atom Package Manager (APM),337546,2013-05-28T17:29:54Z,https://api.github.com/repos/atom/atom/issues/538/events,2013-05-06T17:45:10Z,https://github.com/atom/atom/issues/538,False,https://api.github.com/repos/atom/atom/issues/538/comments,2013-05-28T17:29:54Z,https://api.github.com/repos/atom/atom/issues/538,14012245,https://github.com/atom/atom/milestone/7,,closed,
514,https://github.com/bleikamp,https://api.github.com/repos/atom/atom,bleikamp,https://api.github.com/repos/atom/atom/issues/514/labels{/name},cmd+t showing "No matches found" without me typing anything,327939,2013-05-06T23:37:12Z,https://api.github.com/repos/atom/atom/issues/514/events,2013-04-24T00:44:09Z,https://github.com/atom/atom/issues/514,False,https://api.github.com/repos/atom/atom/issues/514/comments,2013-05-06T23:37:12Z,https://api.github.com/repos/atom/atom/issues/514,13566119,https://github.com/atom/atom/milestone/5,bug ,closed,
509,https://github.com/bleikamp,https://api.github.com/repos/atom/atom,bleikamp,https://api.github.com/repos/atom/atom/issues/509/labels{/name},"Indexingâ€¦" forever on github/github,327939,2013-05-06T23:34:46Z,https://api.github.com/repos/atom/atom/issues/509/events,2013-04-22T16:47:06Z,https://github.com/atom/atom/issues/509,False,https://api.github.com/repos/atom/atom/issues/509/comments,2013-05-06T23:34:46Z,https://api.github.com/repos/atom/atom/issues/509,13492146,https://github.com/atom/atom/milestone/5,bug ,closed,
488,https://github.com/nathansobo,https://api.github.com/repos/atom/atom,nathansobo,https://api.github.com/repos/atom/atom/issues/488/labels{/name},Can't replace matches with empty string via `s/foo//` command,327939,2013-05-06T19:14:33Z,https://api.github.com/repos/atom/atom/issues/488/events,2013-04-08T20:46:00Z,https://github.com/atom/atom/issues/488,False,https://api.github.com/repos/atom/atom/issues/488/comments,2013-05-06T19:14:33Z,https://api.github.com/repos/atom/atom/issues/488,12943383,https://github.com/atom/atom/milestone/5,bug ,closed,
476,https://github.com/probablycorey,https://api.github.com/repos/atom/atom,probablycorey,https://api.github.com/repos/atom/atom/issues/476/labels{/name},Get @zcbenz access to the CI output,280508,2013-04-04T18:34:12Z,https://api.github.com/repos/atom/atom/issues/476/events,2013-04-04T00:37:00Z,https://github.com/atom/atom/issues/476,False,https://api.github.com/repos/atom/atom/issues/476/comments,2013-04-04T18:34:12Z,https://api.github.com/repos/atom/atom/issues/476,12781097,https://github.com/atom/atom/milestone/3,,closed,
471,https://github.com/probablycorey,https://api.github.com/repos/atom/atom,probablycorey,https://api.github.com/repos/atom/atom/issues/471/labels{/name},Helium task list,280508,2013-04-12T18:16:45Z,https://api.github.com/repos/atom/atom/issues/471/events,2013-04-03T00:11:42Z,https://github.com/atom/atom/issues/471,False,https://api.github.com/repos/atom/atom/issues/471/comments,2013-04-12T18:16:45Z,https://api.github.com/repos/atom/atom/issues/471,12731968,https://github.com/atom/atom/milestone/3,enhancement ,closed,
372,https://github.com/mtodd,https://api.github.com/repos/atom/atom,mtodd,https://api.github.com/repos/atom/atom/issues/372/labels{/name},Strange copy/paste behavior when dealing with whitespace,332810,2015-11-22T07:40:59Z,https://api.github.com/repos/atom/atom/issues/372/events,2013-03-07T07:30:50Z,https://github.com/atom/atom/issues/372,False,https://api.github.com/repos/atom/atom/issues/372/comments,2013-05-13T21:35:04Z,https://api.github.com/repos/atom/atom/issues/372,11748805,https://github.com/atom/atom/milestone/6,bug ,closed,
314,https://github.com/kevinsawicki,https://api.github.com/repos/atom/atom,kevinsawicki,https://api.github.com/repos/atom/atom/issues/314/labels{/name},Spell check,249389,2013-02-27T19:18:49Z,https://api.github.com/repos/atom/atom/issues/314/events,2013-02-27T02:54:00Z,https://github.com/atom/atom/pull/314,False,https://api.github.com/repos/atom/atom/issues/314/comments,2013-02-27T18:50:15Z,https://api.github.com/repos/atom/atom/issues/314,11439798,https://github.com/atom/atom/milestone/2,,closed,
312,https://github.com/probablycorey,https://api.github.com/repos/atom/atom,probablycorey,https://api.github.com/repos/atom/atom/issues/312/labels{/name},Atom does not check for updates when run with --dev,249389,2013-02-26T18:00:32Z,https://api.github.com/repos/atom/atom/issues/312/events,2013-02-26T17:10:44Z,https://github.com/atom/atom/issues/312,False,https://api.github.com/repos/atom/atom/issues/312/comments,2013-02-26T18:00:32Z,https://api.github.com/repos/atom/atom/issues/312,11418345,https://github.com/atom/atom/milestone/2,,closed,
305,https://github.com/kevinsawicki,https://api.github.com/repos/atom/atom,kevinsawicki,https://api.github.com/repos/atom/atom/issues/305/labels{/name},Add version number as atom global,249389,2013-02-26T17:06:12Z,https://api.github.com/repos/atom/atom/issues/305/events,2013-02-23T00:05:17Z,https://github.com/atom/atom/issues/305,False,https://api.github.com/repos/atom/atom/issues/305/comments,2013-02-26T17:06:12Z,https://api.github.com/repos/atom/atom/issues/305,11312214,https://github.com/atom/atom/milestone/2,,closed,
304,https://github.com/probablycorey,https://api.github.com/repos/atom/atom,probablycorey,https://api.github.com/repos/atom/atom/issues/304/labels{/name},Folded lines don't line up with gutter,249389,2013-02-25T17:50:07Z,https://api.github.com/repos/atom/atom/issues/304/events,2013-02-22T22:48:47Z,https://github.com/atom/atom/issues/304,False,https://api.github.com/repos/atom/atom/issues/304/comments,2013-02-25T17:50:07Z,https://api.github.com/repos/atom/atom/issues/304,11309960,https://github.com/atom/atom/milestone/2,,closed,
300,https://github.com/probablycorey,https://api.github.com/repos/atom/atom,probablycorey,https://api.github.com/repos/atom/atom/issues/300/labels{/name},Move atom cli creation out of Rakefile and into the app,249389,2013-02-23T05:19:56Z,https://api.github.com/repos/atom/atom/issues/300/events,2013-02-22T00:31:12Z,https://github.com/atom/atom/issues/300,False,https://api.github.com/repos/atom/atom/issues/300/comments,2013-02-23T05:19:56Z,https://api.github.com/repos/atom/atom/issues/300,11268956,https://github.com/atom/atom/milestone/2,,closed,
299,https://github.com/probablycorey,https://api.github.com/repos/atom/atom,probablycorey,https://api.github.com/repos/atom/atom/issues/299/labels{/name},Move .atom creation out of Rakefile and into the app,249389,2013-02-22T22:46:34Z,https://api.github.com/repos/atom/atom/issues/299/events,2013-02-22T00:30:51Z,https://github.com/atom/atom/issues/299,False,https://api.github.com/repos/atom/atom/issues/299/comments,2013-02-22T22:46:34Z,https://api.github.com/repos/atom/atom/issues/299,11268943,https://github.com/atom/atom/milestone/2,,closed,
295,https://github.com/kevinsawicki,https://api.github.com/repos/atom/atom,kevinsawicki,https://api.github.com/repos/atom/atom/issues/295/labels{/name},Go to line dialog missing light theme styles,249389,2013-02-22T05:07:33Z,https://api.github.com/repos/atom/atom/issues/295/events,2013-02-21T04:55:26Z,https://github.com/atom/atom/issues/295,False,https://api.github.com/repos/atom/atom/issues/295/comments,2013-02-22T05:07:33Z,https://api.github.com/repos/atom/atom/issues/295,11228167,https://github.com/atom/atom/milestone/2,,closed,
292,https://github.com/bleikamp,https://api.github.com/repos/atom/atom,bleikamp,https://api.github.com/repos/atom/atom/issues/292/labels{/name},Insert line above,249389,2013-02-20T21:44:35Z,https://api.github.com/repos/atom/atom/issues/292/events,2013-02-20T21:10:56Z,https://github.com/atom/atom/issues/292,False,https://api.github.com/repos/atom/atom/issues/292/comments,2013-02-20T21:44:35Z,https://api.github.com/repos/atom/atom/issues/292,11215521,https://github.com/atom/atom/milestone/2,,closed,
290,https://github.com/dgraham,https://api.github.com/repos/atom/atom,dgraham,https://api.github.com/repos/atom/atom/issues/290/labels{/name},Text selection is slow,249389,2013-02-22T18:17:01Z,https://api.github.com/repos/atom/atom/issues/290/events,2013-02-20T16:52:16Z,https://github.com/atom/atom/issues/290,False,https://api.github.com/repos/atom/atom/issues/290/comments,2013-02-21T20:37:25Z,https://api.github.com/repos/atom/atom/issues/290,11205208,https://github.com/atom/atom/milestone/2,,closed,
287,https://github.com/dgraham,https://api.github.com/repos/atom/atom,dgraham,https://api.github.com/repos/atom/atom/issues/287/labels{/name},Text selection from line number column,249389,2013-02-20T15:29:26Z,https://api.github.com/repos/atom/atom/issues/287/events,2013-02-19T19:20:08Z,https://github.com/atom/atom/issues/287,False,https://api.github.com/repos/atom/atom/issues/287/comments,2013-02-20T02:16:38Z,https://api.github.com/repos/atom/atom/issues/287,11167695,https://github.com/atom/atom/milestone/2,,closed,
286,https://github.com/dgraham,https://api.github.com/repos/atom/atom,dgraham,https://api.github.com/repos/atom/atom/issues/286/labels{/name},Background windows lose text selection,249389,2013-02-20T00:59:02Z,https://api.github.com/repos/atom/atom/issues/286/events,2013-02-19T19:13:13Z,https://github.com/atom/atom/issues/286,False,https://api.github.com/repos/atom/atom/issues/286/comments,2013-02-20T00:59:00Z,https://api.github.com/repos/atom/atom/issues/286,11167376,https://github.com/atom/atom/milestone/2,,closed,
277,https://github.com/maddox,https://api.github.com/repos/atom/atom,maddox,https://api.github.com/repos/atom/atom/issues/277/labels{/name},Can't preview markdown of an Untitled Document,249389,2013-02-20T20:07:42Z,https://api.github.com/repos/atom/atom/issues/277/events,2013-02-14T17:38:59Z,https://github.com/atom/atom/issues/277,False,https://api.github.com/repos/atom/atom/issues/277/comments,2013-02-20T19:58:35Z,https://api.github.com/repos/atom/atom/issues/277,11005975,https://github.com/atom/atom/milestone/2,,closed,
263,https://github.com/nathansobo,https://api.github.com/repos/atom/atom,nathansobo,https://api.github.com/repos/atom/atom/issues/263/labels{/name},If no `stylesheets` key is provided in `package.cson` for a theme load all stylesheets in alpha order,249389,2013-02-14T17:04:48Z,https://api.github.com/repos/atom/atom/issues/263/events,2013-02-13T05:00:19Z,https://github.com/atom/atom/issues/263,False,https://api.github.com/repos/atom/atom/issues/263/comments,2013-02-14T17:04:48Z,https://api.github.com/repos/atom/atom/issues/263,10940980,https://github.com/atom/atom/milestone/2,,closed,
262,https://github.com/nathansobo,https://api.github.com/repos/atom/atom,nathansobo,https://api.github.com/repos/atom/atom/issues/262/labels{/name},Switch wrap-guide to use editor.preferredLineLength config key,249389,2013-02-14T20:08:03Z,https://api.github.com/repos/atom/atom/issues/262/events,2013-02-13T04:44:39Z,https://github.com/atom/atom/issues/262,False,https://api.github.com/repos/atom/atom/issues/262/comments,2013-02-14T20:08:03Z,https://api.github.com/repos/atom/atom/issues/262,10940719,https://github.com/atom/atom/milestone/2,,closed,
248,https://github.com/nathansobo,https://api.github.com/repos/atom/atom,nathansobo,https://api.github.com/repos/atom/atom/issues/248/labels{/name},Errors during rake install when there's already a debug build,249389,2013-02-20T19:38:38Z,https://api.github.com/repos/atom/atom/issues/248/events,2013-02-07T17:57:59Z,https://github.com/atom/atom/issues/248,False,https://api.github.com/repos/atom/atom/issues/248/comments,2013-02-20T19:38:38Z,https://api.github.com/repos/atom/atom/issues/248,10748384,https://github.com/atom/atom/milestone/2,,closed,
228,https://github.com/kevinsawicki,https://api.github.com/repos/atom/atom,kevinsawicki,https://api.github.com/repos/atom/atom/issues/228/labels{/name},Make jQuery usable from a web worker,249389,2013-02-04T19:44:32Z,https://api.github.com/repos/atom/atom/issues/228/events,2013-02-02T20:51:06Z,https://github.com/atom/atom/issues/228,False,https://api.github.com/repos/atom/atom/issues/228/comments,2013-02-04T19:44:32Z,https://api.github.com/repos/atom/atom/issues/228,10576711,https://github.com/atom/atom/milestone/2,,closed,
218,https://github.com/Caged,https://api.github.com/repos/atom/atom,Caged,https://api.github.com/repos/atom/atom/issues/218/labels{/name},Write a CSON pretty printer,249389,2013-02-04T21:14:16Z,https://api.github.com/repos/atom/atom/issues/218/events,2013-01-31T20:41:50Z,https://github.com/atom/atom/issues/218,False,https://api.github.com/repos/atom/atom/issues/218/comments,2013-02-04T20:40:48Z,https://api.github.com/repos/atom/atom/issues/218,10516489,https://github.com/atom/atom/milestone/2,,closed,
212,https://github.com/mtodd,https://api.github.com/repos/atom/atom,mtodd,https://api.github.com/repos/atom/atom/issues/212/labels{/name},Switch to next window with meta-` works but prev window with meta-~ does not,249389,2013-01-31T02:42:33Z,https://api.github.com/repos/atom/atom/issues/212/events,2013-01-31T02:07:02Z,https://github.com/atom/atom/issues/212,False,https://api.github.com/repos/atom/atom/issues/212/comments,2013-01-31T02:42:33Z,https://api.github.com/repos/atom/atom/issues/212,10485428,https://github.com/atom/atom/milestone/2,,closed,
209,https://github.com/nathansobo,https://api.github.com/repos/atom/atom,nathansobo,https://api.github.com/repos/atom/atom/issues/209/labels{/name},Snippets aren't loading in `atom --stable`,249389,2013-01-30T23:27:36Z,https://api.github.com/repos/atom/atom/issues/209/events,2013-01-30T23:00:16Z,https://github.com/atom/atom/issues/209,False,https://api.github.com/repos/atom/atom/issues/209/comments,2013-01-30T23:26:33Z,https://api.github.com/repos/atom/atom/issues/209,10480351,https://github.com/atom/atom/milestone/2,,closed,
206,https://github.com/nathansobo,https://api.github.com/repos/atom/atom,nathansobo,https://api.github.com/repos/atom/atom/issues/206/labels{/name},Mini-editor loses height when displayed after changing the font size,249389,2013-01-31T18:33:35Z,https://api.github.com/repos/atom/atom/issues/206/events,2013-01-30T21:05:40Z,https://github.com/atom/atom/issues/206,False,https://api.github.com/repos/atom/atom/issues/206/comments,2013-01-31T18:33:35Z,https://api.github.com/repos/atom/atom/issues/206,10475966,https://github.com/atom/atom/milestone/2,,closed,
205,https://github.com/sbryant,https://api.github.com/repos/atom/atom,sbryant,https://api.github.com/repos/atom/atom/issues/205/labels{/name},Keymap.loadDirectory fails when .DS_Store is present.,249389,2013-01-31T20:07:44Z,https://api.github.com/repos/atom/atom/issues/205/events,2013-01-30T19:49:33Z,https://github.com/atom/atom/issues/205,False,https://api.github.com/repos/atom/atom/issues/205/comments,2013-01-31T20:07:44Z,https://api.github.com/repos/atom/atom/issues/205,10472908,https://github.com/atom/atom/milestone/2,,closed,
198,https://github.com/nathansobo,https://api.github.com/repos/atom/atom,nathansobo,https://api.github.com/repos/atom/atom/issues/198/labels{/name},Default to running in stable mode and add a --dev flag,249389,2013-02-22T20:01:09Z,https://api.github.com/repos/atom/atom/issues/198/events,2013-01-29T19:06:11Z,https://github.com/atom/atom/issues/198,False,https://api.github.com/repos/atom/atom/issues/198/comments,2013-02-22T19:57:24Z,https://api.github.com/repos/atom/atom/issues/198,10429360,https://github.com/atom/atom/milestone/2,,closed,
193,https://github.com/mtodd,https://api.github.com/repos/atom/atom,mtodd,https://api.github.com/repos/atom/atom/issues/193/labels{/name},Markdown preview disappears when Atom loses focus,249389,2013-01-29T02:57:26Z,https://api.github.com/repos/atom/atom/issues/193/events,2013-01-29T02:42:39Z,https://github.com/atom/atom/issues/193,False,https://api.github.com/repos/atom/atom/issues/193/comments,2013-01-29T02:57:26Z,https://api.github.com/repos/atom/atom/issues/193,10402633,https://github.com/atom/atom/milestone/2,,closed,
192,https://github.com/probablycorey,https://api.github.com/repos/atom/atom,probablycorey,https://api.github.com/repos/atom/atom/issues/192/labels{/name},Visually indicate when an update is available,249389,2013-02-25T20:50:02Z,https://api.github.com/repos/atom/atom/issues/192/events,2013-01-29T01:33:39Z,https://github.com/atom/atom/issues/192,False,https://api.github.com/repos/atom/atom/issues/192/comments,2013-02-25T20:50:02Z,https://api.github.com/repos/atom/atom/issues/192,10401111,https://github.com/atom/atom/milestone/2,,closed,
191,https://github.com/probablycorey,https://api.github.com/repos/atom/atom,probablycorey,https://api.github.com/repos/atom/atom/issues/191/labels{/name},Command to dump Atom state,249389,2013-02-22T21:28:06Z,https://api.github.com/repos/atom/atom/issues/191/events,2013-01-29T01:31:23Z,https://github.com/atom/atom/issues/191,False,https://api.github.com/repos/atom/atom/issues/191/comments,2013-02-22T21:28:06Z,https://api.github.com/repos/atom/atom/issues/191,10401065,https://github.com/atom/atom/milestone/2,,closed,
189,https://github.com/probablycorey,https://api.github.com/repos/atom/atom,probablycorey,https://api.github.com/repos/atom/atom/issues/189/labels{/name},Create CONTRIBUTING.md,249389,2013-02-11T22:15:01Z,https://api.github.com/repos/atom/atom/issues/189/events,2013-01-29T01:28:42Z,https://github.com/atom/atom/issues/189,False,https://api.github.com/repos/atom/atom/issues/189/comments,2013-02-11T22:15:01Z,https://api.github.com/repos/atom/atom/issues/189,10400990,https://github.com/atom/atom/milestone/2,,closed,
188,https://github.com/probablycorey,https://api.github.com/repos/atom/atom,probablycorey,https://api.github.com/repos/atom/atom/issues/188/labels{/name},Document themes,249389,2013-02-14T02:19:51Z,https://api.github.com/repos/atom/atom/issues/188/events,2013-01-29T01:25:15Z,https://github.com/atom/atom/issues/188,False,https://api.github.com/repos/atom/atom/issues/188/comments,2013-02-14T02:19:51Z,https://api.github.com/repos/atom/atom/issues/188,10400899,https://github.com/atom/atom/milestone/2,,closed,
186,https://github.com/probablycorey,https://api.github.com/repos/atom/atom,probablycorey,https://api.github.com/repos/atom/atom/issues/186/labels{/name},Document configuration,249389,2013-02-14T02:18:39Z,https://api.github.com/repos/atom/atom/issues/186/events,2013-01-29T01:24:45Z,https://github.com/atom/atom/issues/186,False,https://api.github.com/repos/atom/atom/issues/186/comments,2013-02-14T02:18:39Z,https://api.github.com/repos/atom/atom/issues/186,10400891,https://github.com/atom/atom/milestone/2,,closed,
185,https://github.com/probablycorey,https://api.github.com/repos/atom/atom,probablycorey,https://api.github.com/repos/atom/atom/issues/185/labels{/name},Document basic usage,249389,2013-02-14T03:04:50Z,https://api.github.com/repos/atom/atom/issues/185/events,2013-01-29T01:23:58Z,https://github.com/atom/atom/issues/185,False,https://api.github.com/repos/atom/atom/issues/185/comments,2013-02-14T03:04:50Z,https://api.github.com/repos/atom/atom/issues/185,10400877,https://github.com/atom/atom/milestone/2,,closed,
184,https://github.com/probablycorey,https://api.github.com/repos/atom/atom,probablycorey,https://api.github.com/repos/atom/atom/issues/184/labels{/name},Read keymaps from ~/.atom/keymaps,249389,2013-01-29T07:00:49Z,https://api.github.com/repos/atom/atom/issues/184/events,2013-01-29T01:22:55Z,https://github.com/atom/atom/issues/184,False,https://api.github.com/repos/atom/atom/issues/184/comments,2013-01-29T07:00:49Z,https://api.github.com/repos/atom/atom/issues/184,10400860,https://github.com/atom/atom/milestone/2,,closed,
176,https://github.com/kevinsawicki,https://api.github.com/repos/atom/atom,kevinsawicki,https://api.github.com/repos/atom/atom/issues/176/labels{/name},Add jump to line,249389,2013-01-25T19:25:28Z,https://api.github.com/repos/atom/atom/issues/176/events,2013-01-25T18:33:11Z,https://github.com/atom/atom/issues/176,False,https://api.github.com/repos/atom/atom/issues/176/comments,2013-01-25T19:24:50Z,https://api.github.com/repos/atom/atom/issues/176,10321323,https://github.com/atom/atom/milestone/2,,closed,
174,https://github.com/jonrohan,https://api.github.com/repos/atom/atom,jonrohan,https://api.github.com/repos/atom/atom/issues/174/labels{/name},Typing in fuzzy finder too fast,249389,2013-01-25T18:33:38Z,https://api.github.com/repos/atom/atom/issues/174/events,2013-01-25T17:35:18Z,https://github.com/atom/atom/issues/174,False,https://api.github.com/repos/atom/atom/issues/174/comments,2013-01-25T18:30:28Z,https://api.github.com/repos/atom/atom/issues/174,10319433,https://github.com/atom/atom/milestone/2,,closed,
161,https://github.com/kevinsawicki,https://api.github.com/repos/atom/atom,kevinsawicki,https://api.github.com/repos/atom/atom/issues/161/labels{/name},No more gutter highlight for selected lines,249389,2013-01-24T05:35:55Z,https://api.github.com/repos/atom/atom/issues/161/events,2013-01-23T18:22:54Z,https://github.com/atom/atom/issues/161,False,https://api.github.com/repos/atom/atom/issues/161/comments,2013-01-24T05:35:45Z,https://api.github.com/repos/atom/atom/issues/161,10244200,https://github.com/atom/atom/milestone/2,,closed,
160,https://github.com/kevinsawicki,https://api.github.com/repos/atom/atom,kevinsawicki,https://api.github.com/repos/atom/atom/issues/160/labels{/name},Black bar when showing error in select list,249389,2014-06-09T18:08:37Z,https://api.github.com/repos/atom/atom/issues/160/events,2013-01-23T18:19:14Z,https://github.com/atom/atom/issues/160,False,https://api.github.com/repos/atom/atom/issues/160/comments,2013-01-24T05:23:55Z,https://api.github.com/repos/atom/atom/issues/160,10244050,https://github.com/atom/atom/milestone/2,,closed,
156,https://github.com/kevinsawicki,https://api.github.com/repos/atom/atom,kevinsawicki,https://api.github.com/repos/atom/atom/issues/156/labels{/name},Rename outline view to symbols view,249389,2013-01-23T02:45:30Z,https://api.github.com/repos/atom/atom/issues/156/events,2013-01-22T21:53:06Z,https://github.com/atom/atom/issues/156,False,https://api.github.com/repos/atom/atom/issues/156/comments,2013-01-23T02:45:30Z,https://api.github.com/repos/atom/atom/issues/156,10211020,https://github.com/atom/atom/milestone/2,,closed,
153,https://github.com/kevinsawicki,https://api.github.com/repos/atom/atom,kevinsawicki,https://api.github.com/repos/atom/atom/issues/153/labels{/name},Verify file exists before jumping to symbol,249389,2013-01-22T21:51:43Z,https://api.github.com/repos/atom/atom/issues/153/events,2013-01-22T17:27:33Z,https://github.com/atom/atom/issues/153,False,https://api.github.com/repos/atom/atom/issues/153/comments,2013-01-22T21:51:43Z,https://api.github.com/repos/atom/atom/issues/153,10201044,https://github.com/atom/atom/milestone/2,,closed,
149,https://github.com/thedaniel,https://api.github.com/repos/atom/atom,thedaniel,https://api.github.com/repos/atom/atom/issues/149/labels{/name},Strange behavior in ruby buffers related to end and __END__,249389,2013-01-23T00:45:13Z,https://api.github.com/repos/atom/atom/issues/149/events,2013-01-21T06:26:04Z,https://github.com/atom/atom/issues/149,False,https://api.github.com/repos/atom/atom/issues/149/comments,2013-01-23T00:45:12Z,https://api.github.com/repos/atom/atom/issues/149,10147377,https://github.com/atom/atom/milestone/2,,closed,
139,https://github.com/mattgraham,https://api.github.com/repos/atom/atom,mattgraham,https://api.github.com/repos/atom/atom/issues/139/labels{/name},Opening repo from command line,249389,2013-01-23T00:00:24Z,https://api.github.com/repos/atom/atom/issues/139/events,2013-01-17T22:46:08Z,https://github.com/atom/atom/issues/139,False,https://api.github.com/repos/atom/atom/issues/139/comments,2013-01-23T00:00:24Z,https://api.github.com/repos/atom/atom/issues/139,10078895,https://github.com/atom/atom/milestone/2,,closed,
118,https://github.com/kevinsawicki,https://api.github.com/repos/atom/atom,kevinsawicki,https://api.github.com/repos/atom/atom/issues/118/labels{/name},0.1 release,249389,2013-03-04T18:36:19Z,https://api.github.com/repos/atom/atom/issues/118/events,2013-01-02T20:46:34Z,https://github.com/atom/atom/issues/118,False,https://api.github.com/repos/atom/atom/issues/118/comments,2013-03-04T18:36:13Z,https://api.github.com/repos/atom/atom/issues/118,9626928,https://github.com/atom/atom/milestone/2,,closed,
41,https://github.com/maddox,https://api.github.com/repos/atom/atom,maddox,https://api.github.com/repos/atom/atom/issues/41/labels{/name},Chars like ( ' and " should wrap the selection when entering them during a selection,249389,2013-01-24T01:30:12Z,https://api.github.com/repos/atom/atom/issues/41/events,2012-09-25T17:41:03Z,https://github.com/atom/atom/issues/41,False,https://api.github.com/repos/atom/atom/issues/41/comments,2013-01-24T00:25:11Z,https://api.github.com/repos/atom/atom/issues/41,7128692,https://github.com/atom/atom/milestone/2,enhancement ,closed,
2,https://github.com/probablycorey,https://api.github.com/repos/atom/atom,probablycorey,https://api.github.com/repos/atom/atom/issues/2/labels{/name},TextMate/Sublime editing parity,79819,2013-11-19T17:52:50Z,https://api.github.com/repos/atom/atom/issues/2/events,2012-02-02T18:12:26Z,https://github.com/atom/atom/issues/2,False,https://api.github.com/repos/atom/atom/issues/2/comments,2013-01-24T18:06:29Z,https://api.github.com/repos/atom/atom/issues/2,3071886,https://github.com/atom/atom/milestone/1,,closed,
